date,afile,ffile
17-Jan,srwg-agenda-2017-jan.pdf,
16-Jun,srwg-agenda-2016-jun.pdf,srwg-findings-2016-jun.pdf
16-Jan,srwg-agenda-2016-jan.pdf,srwg-findings-2016-jan.pdf
15-Jun,srwg-agenda-2015-jun.pdf,srwg-findings-2015-jun.pdf
15-Jan,srwg-agenda-2015-jan.pdf,srwg-findings-2015-jan.pdf
14-Jul,srwg-agenda-2014-jul.pdf,srwg-findings-2014-jul.pdf
14-Jan,srwg-agenda-2014-jan.pdf,srwg-findings-2014-jan.pdf
13-Jun,srwg-agenda-2013-jun.pdf,srwg-findings-2013-jun.pdf
12-Dec,srwg-agenda-2012-dec.pdf,srwg-findings-2012-dec.pdf
12-Jul,srwg-agenda-2012-jul.pdf,srwg-findings-2012-jul.pdf
12-Jan,srwg-agenda-2012-jan.pdf,srwg-findings-2012-jan.pdf
11-Jun,srwg-agenda-2011-jun.pdf,srwg-findings-2011-jun.pdf
11-Feb,srwg-agenda-2011-feb.pdf,srwg-findings-2011-feb.pdf
10-Jun,srwg-agenda-2010-jun.pdf,srwg-findings-2010-jun.pdf
10-Feb,srwg-agenda-2010-feb.pdf,srwg-findings-2010-feb.pdf
9-Jun,srwg-agenda-2009-jun.pdf,srwg-findings-2009-jun.pdf
8-Dec,srwg-agenda-2008-dec.pdf,srwg-findings-2008-dec.pdf
8-Jul,srwg-agenda-2008-jul.pdf,srwg-findings-2008-jul.pdf
8-Jan,srwg-agenda-2008-jan.pdf,srwg-findings-2008-jan.pdf
7-Jun,srwg-agenda-2007-jun.pdf,srwg-findings-2007-jun.pdf
6-Dec,srwg-agenda-2006-dec.pdf,srwg-findings-2006-dec.pdf
6-Jun,srwg-agenda-2006-jun.pdf,srwg-findings-2006-jun.pdf
6-Jan,srwg-agenda-2006-jan.pdf,srwg-findings-2006-jan.pdf
5-Jun,srwg-agenda-2005-jun.pdf,srwg-findings-2005-jun.pdf
5-Jan,srwg-agenda-2005-jan.pdf,srwg-findings-2005-jan.pdf
4-Jun,,srwg-findings-2004-jun.pdf